id,employee_name,email,contact,company
1,Selby Wiszniewski,swiszniewski0@hostgator.com,212-848-0269,Podcat
2,Lorry Georgelin,lgeorgelin1@intel.com,331-626-9227,Tagtune
3,Farley Goodinson,fgoodinson2@mediafire.com,403-585-7550,Skyndu
4,Broddie Telling,btelling3@hc360.com,503-199-9741,Edgeify
5,Linzy Teesdale,lteesdale4@msu.edu,948-698-9367,Quire
6,Miof mela Lapley,mmela5@ihg.com,843-356-6799,Topicstorm
7,Byram Pietzke,bpietzke6@umn.edu,145-964-9635,Brightdog
8,Shurlock Grishaev,sgrishaev7@delicious.com,980-547-1167,Bluezoom
9,Jillian Glasgow,jglasgow8@slate.com,756-678-7458,Photospace
10,Melvin Horley,mhorley9@hatena.ne.jp,978-630-3346,Podcat
11,Selia Fright,sfrighta@youku.com,748-860-2750,Oozz
12,Nessa Balding,nbaldingb@imageshack.us,694-113-0451,Podcat
13,Duffy Mayho,dmayhoc@delicious.com,830-728-0474,Kwideo
14,Deane Tall,dtalld@free.fr,644-883-8886,Midel
15,Roland Touzey,rtouzeye@nbcnews.com,563-677-9182,Dynazzy
16,Blake Northill,bnorthillf@bloomberg.com,193-695-6901,Kaymbo
17,Eadie Byfield,ebyfieldg@last.fm,249-356-9736,Twitterbeat
18,Sheffie Brookbank,sbrookbankh@reddit.com,167-813-7400,Trupe
19,Belia Denerley,bdenerleyi@admin.ch,704-464-3058,Kanoodle
20,Shalna Biesterfeld,sbiesterfeldj@ezinearticles.com,785-809-6751,Thoughtstorm
21,Wake Toma,wtomak@dion.ne.jp,988-192-9938,Tavu
22,Ursa McMakin,umcmakinl@gravatar.com,368-252-1791,Quire
23,Davy Klees,dkleesm@indiegogo.com,130-512-4942,Wordify
24,Joyann Lamerton,jlamertonn@goo.ne.jp,393-228-9868,Twinte
25,Rockey Tyer,rtyero@home.pl,174-543-9198,Feedfish
26,Tamqrah Davenport,tdavenportp@netvibes.com,203-709-4743,Photospace
27,Zak Menloe,zmenloeq@dmoz.org,458-685-9590,Meevee
28,Donella Lenney,dlenneyr@noaa.gov,172-901-6914,Flipopia
29,Raphael Grenter,rgrenters@epa.gov,774-273-5887,Brightbean
30,Wileen Garfirth,wgarfirtht@tumblr.com,817-952-8507,Fliptune
31,Nicolai Strickler,nstrickleru@theguardian.com,150-111-0499,Dynabox
32,Lyssa Grassot,lgrassotv@bloglines.com,629-899-9710,Dabjam
33,Bearnard Calder,bcalderw@rambler.ru,760-997-2779,Browsecat
34,Aliza Crocetto,acrocettox@wiley.com,305-171-1994,Realpoint
35,Irv Hlavecek,ihlaveceky@time.com,789-525-5679,Meevee
36,Georgia Curreen,gcurreenz@sphinn.com,373-705-7799,Devcast
37,Larina Barbour,lbarbour10@usa.gov,357-113-1700,Edgeify
38,Rubin Surgeon,rsurgeon11@rediff.com,815-728-1570,Shufflester
39,Ronny Hebson,rhebson12@about.me,236-732-1452,Teklist
40,Audie Wheway,awheway13@npr.org,146-982-2791,Topicstorm
41,Maurise Askham,maskham14@weibo.com,364-197-4240,Yozio
42,Mahmud Surmeyers,msurmeyers15@chronoengine.com,568-948-0689,Photospace
43,Sheff MacCostigan,smaccostigan16@joomla.org,107-852-3605,Voolia
44,Winnah Charnley,wcharnley17@goodreads.com,827-692-7975,Vidoo
45,Auberta Laroux,alaroux18@ycombinator.com,752-155-1566,Kwideo
46,Ingunna Mixworthy,imixworthy19@amazon.co.uk,907-766-4876,Plajo
47,Giffie Choke,gchoke1a@jalbum.net,643-617-4137,Wikivu
48,Giulia Casine,gcasine1b@ustream.tv,342-559-5341,Cogidoo
49,Xenia Bungey,xbungey1c@newyorker.com,879-725-3227,Zoomdog
50,Jedediah Goodship,jgoodship1d@hexun.com,762-525-5215,Devify
51,Goran Gylle,ggylle1e@typepad.com,486-963-3935,Ainyx
52,Ethelbert Cleobury,ecleobury1f@washingtonpost.com,195-899-9472,Chatterpoint
53,Michell Dargie,mdargie1g@skyrock.com,876-743-2821,Voolith
54,Nissa Swire,nswire1h@marriott.com,332-882-6802,Innojam
55,Emmye Baly,ebaly1i@elpais.com,786-478-4793,Podcat
56,Jobyna McFadden,jmcfadden1j@yale.edu,524-577-5219,Edgeify
57,Harrietta Juara,hjuara1k@ask.com,109-470-9931,Thoughtmix
58,Jacques Gorries,jgorries1l@aol.com,149-206-7164,Cogilith
59,Barnie Stiegars,bstiegars1m@disqus.com,418-568-3765,Buzzbean
60,Lek Blessed,lblessed1n@blinklist.com,948-469-2979,Gigaclub
61,Henderson Duigan,hduigan1o@blinklist.com,816-388-2913,Zoozzy
62,Lev Dockerty,ldockerty1p@networksolutions.com,476-214-7224,Kazio
63,Moselle Jaye,mjaye1q@google.com.au,779-891-9960,Feedfire
64,Luise Buss,lbuss1r@nature.com,975-818-0086,Wordpedia
65,Lefty Cattow,lcattow1s@netscape.com,815-496-1892,Eare
66,Ardath McClaren,amcclaren1t@abc.net.au,897-372-1551,Kwilith
67,Thornton Held,theld1u@harvard.edu,494-614-2686,Dabshots
68,Darb Attard,dattard1v@wix.com,413-855-7994,Yambee
69,Evonne Prium,eprium1w@people.com.cn,360-153-7694,Kaymbo
70,Marcos Durkin,mdurkin1x@hostgator.com,790-533-4112,Thoughtstorm
71,Biron Mallett,bmallett1y@shutterfly.com,649-255-9517,Dabtype
72,Alex Rixon,arixon1z@independent.co.uk,456-863-2991,Rhyzio
73,Staci Kears,skears20@irs.gov,147-315-8415,Yadel
74,Viola Dedney,vdedney21@samsung.com,892-916-6326,Realcube
75,Rhona Espina,respina22@flickr.com,598-391-3374,Trudoo
76,Wilhelmina Kellough,wkellough23@bing.com,761-630-6544,Meejo
77,Annmarie Prout,aprout24@sohu.com,577-807-9801,Buzzbean
78,Else Mingauld,emingauld25@si.edu,524-353-4383,Kwinu
79,Teddie Peinton,tpeinton26@chronoengine.com,340-334-4855,Divape
80,Brandy Ironside,bironside27@list-manage.com,128-337-1039,Ozu
81,Roseanna Pierri,rpierri28@nbcnews.com,380-460-1303,Kazu
82,Cammi Kleinstein,ckleinstein29@gov.uk,956-942-0358,Fivechat
83,Urbanus McNamara,umcnamara2a@vistaprint.com,631-162-8993,Rhynoodle
84,Catharina Swedeland,cswedeland2b@weibo.com,383-358-3669,Babbleopia
85,Scott Teek,steek2c@cam.ac.uk,357-729-8210,Twitternation
86,Lorita Secrett,lsecrett2d@ebay.com,809-171-5524,Einti
87,Pascale Wedge,pwedge2e@gmpg.org,732-169-1489,Rhybox
88,Lela Lougheid,llougheid2f@mac.com,126-817-0179,Jabbercube
89,Jori Emblen,jemblen2g@homestead.com,782-519-4387,Ooba
90,Letty Keningham,lkeningham2h@wikia.com,439-575-5552,Fivespan
91,Felita Ayree,fayree2i@mayoclinic.com,811-399-9813,Leenti
92,Tye Fellenor,tfellenor2j@skype.com,686-575-3884,Katz
93,Randy Gabbotts,rgabbotts2k@mysql.com,456-642-9380,Livepath
94,Odell Steane,osteane2l@dailymotion.com,147-505-4212,Kanoodle
95,Phyllis Dimic,pdimic2m@biglobe.ne.jp,103-302-2788,Yabox
96,Hetty Marshland,hmarshland2n@nih.gov,117-557-3951,Trudeo
97,Veronike Fullylove,vfullylove2o@spiegel.de,608-185-6801,Realfire
98,Edward Hourihane,ehourihane2p@google.co.jp,793-732-1517,Edgeblab
99,Kareem Macken,kmacken2q@miibeian.gov.cn,462-517-8424,Twitterwire
100,Lorrayne Hiscoke,lhiscoke2r@sfgate.com,837-789-8655,Trilia
101,Raymond Glinde,rglinde2s@privacy.gov.au,349-523-1522,Avavee
102,Johna Kuschek,jkuschek2t@discovery.com,905-983-0491,Topiczoom
103,Farrah Kinahan,fkinahan2u@shop-pro.jp,395-747-8113,LiveZ
104,Hendrik Fildery,hfildery2v@unesco.org,412-182-9765,Oyope
105,Matty Meekins,mmeekins2w@ezinearticles.com,672-560-6577,Jamia
106,Helaine Paragreen,hparagreen2x@nymag.com,789-965-4417,Eabox
107,Windy Underwood,wunderwood2y@yale.edu,947-303-3229,Shufflester
108,Georgetta Willerton,gwillerton2z@devhub.com,568-902-9336,Mybuzz
109,Janenna Marden,jmarden30@nhs.uk,975-892-1509,Katz
110,Philippe Trench,ptrench31@diigo.com,465-105-0522,Lajo
111,Cristine Rottger,crottger32@google.com.au,329-757-7730,Jamia
112,Delphine Sefton,dsefton33@e-recht24.de,879-489-9191,Yadel
113,Dosi Calvard,dcalvard34@china.com.cn,455-824-1108,Midel
114,Akim Curnnokk,acurnnokk35@ucsd.edu,119-344-5612,Jaxspan
115,Nikolia Danielou,ndanielou36@ycombinator.com,602-978-6133,Roombo
116,Olenka Wilford,owilford37@chron.com,627-816-6493,Dynabox
117,Barn Proffer,bproffer38@blogtalkradio.com,604-977-8884,Avavee
118,Alysa O'Logan,aologan39@jigsy.com,629-584-3317,Gigazoom
119,Maure Keeley,mkeeley3a@printfriendly.com,586-171-6315,Feedspan
120,Cacilie Hawkyens,chawkyens3b@bloglines.com,211-427-2986,Yodo
121,Dalia Drabble,ddrabble3c@mit.edu,781-349-9386,Oyoyo
122,Concettina Moan,cmoan3d@skyrock.com,779-158-5692,Realmix
123,Roley Galbraeth,rgalbraeth3e@joomla.org,705-284-6056,Devify
124,Philippine Winser,pwinser3f@bbb.org,626-893-8294,Midel
125,Madlin Clist,mclist3g@cornell.edu,553-940-3914,Teklist
126,Ignacius Draysey,idraysey3h@github.io,903-259-3722,Browsebug
127,Kaile Itscowicz,kitscowicz3i@webs.com,341-816-5047,Browsebug
128,Selene Raphael,sraphael3j@deviantart.com,217-640-5940,Jabbersphere
129,Dannie Jeckell,djeckell3k@typepad.com,578-749-1068,Ailane
130,Simonette Popplewell,spopplewell3l@newyorker.com,382-919-9839,Pixope
131,Kyrstin Kroon,kkroon3m@opera.com,204-950-6075,Twitterworks
132,Shani Lyon,slyon3n@hp.com,646-489-8473,Trudeo
133,Alasteir Ingry,aingry3o@cisco.com,340-593-3471,Mynte
134,Bab Ruben,bruben3p@nih.gov,795-193-9253,Reallinks
135,Averil Blasetti,ablasetti3q@sciencedirect.com,608-293-3680,Jaloo
136,Anastasie Sitch,asitch3r@macromedia.com,565-366-1177,Jabbertype
137,Lindie Milkins,lmilkins3s@cbslocal.com,906-999-6187,Flipbug
138,Hermina Rousel,hrousel3t@1688.com,425-757-5201,Minyx
139,Elysee Geraudy,egeraudy3u@topsy.com,370-527-7272,Quamba
140,Sarena O'Ferris,soferris3v@statcounter.com,366-194-9705,Ailane
141,Edmon Pressman,epressman3w@vistaprint.com,795-772-7513,Quamba
142,Hall Grabiec,hgrabiec3x@senate.gov,610-585-5586,Dynabox
143,Charin Mumbray,cmumbray3y@1und1.de,135-590-6439,Trudoo
144,L;urette Pettyfar,lpettyfar3z@auda.org.au,143-765-8691,Zoombox
145,Atalanta Lawfull,alawfull40@github.com,332-188-0171,Wordify
146,Skylar Lodo,slodo41@rakuten.co.jp,313-590-3252,Latz
147,Pat Ralphs,pralphs42@ihg.com,433-740-8105,Voolith
148,Marketa Hollibone,mhollibone43@google.com.au,397-894-8602,Yakidoo
149,Tuck Rolfi,trolfi44@weather.com,700-772-6369,Jatri
150,Hallie Whilder,hwhilder45@time.com,281-695-1365,Tagcat
151,Marquita Eminson,meminson46@linkedin.com,483-835-8141,Browsetype
152,Ora Toe,otoe47@merriam-webster.com,614-576-9913,Ailane
153,Vallie Laugier,vlaugier48@jimdo.com,434-702-3264,Buzzshare
154,Anabelle Overel,aoverel49@elegantthemes.com,289-159-9227,Twitterlist
155,Brant Foulstone,bfoulstone4a@xinhuanet.com,732-882-6636,Feedfish
156,Keeley Stearnes,kstearnes4b@wordpress.com,940-538-8027,Leexo
157,Vern Bruhnke,vbruhnke4c@tamu.edu,259-972-3717,Plajo
158,Adore Brownrigg,abrownrigg4d@histats.com,524-866-9406,Youbridge
159,Pattin Lambarton,plambarton4e@goo.ne.jp,829-793-5093,Brainlounge
160,Lyndy Dows,ldows4f@slashdot.org,710-477-3441,Voolia
161,Aldric Boshere,aboshere4g@sitemeter.com,375-995-2538,Tagcat
162,Elmo Liccardi,eliccardi4h@salon.com,791-291-0234,Edgewire
163,Roxane Cappell,rcappell4i@tripod.com,633-244-1383,Yadel
164,Betty Nanson,bnanson4j@sbwire.com,146-841-4789,Browsedrive
165,Eva Tellenbroker,etellenbroker4k@engadget.com,918-617-6371,Oba
166,Marcos Raccio,mraccio4l@feedburner.com,254-269-5045,Oodoo
167,Ewart Mathew,emathew4m@163.com,580-415-0975,Fivebridge
168,Barbee Walshaw,bwalshaw4n@woothemes.com,823-430-7090,Gevee
169,Christen Tyrer,ctyrer4o@ycombinator.com,126-539-6167,Youtags
170,Buffy Ronca,bronca4p@reverbnation.com,916-465-2198,Yabox
171,Darby Bouchier,dbouchier4q@youtube.com,106-320-8024,Meejo
172,Cobbie Le Jean,cle4r@blogs.com,879-916-9043,Zoomdog
173,Andras Cruces,acruces4s@hatena.ne.jp,801-773-9272,Dabfeed
174,Corette Hatrick,chatrick4t@fc2.com,757-105-1420,Gigazoom
175,Maddy Huyge,mhuyge4u@mashable.com,596-521-0969,Yadel
176,Parry Garnsworthy,pgarnsworthy4v@wufoo.com,701-731-8643,Fivechat
177,Alanson Hainge,ahainge4w@epa.gov,704-131-0046,Oozz
178,Flossi Sparks,fsparks4x@admin.ch,499-786-2178,Thoughtworks
179,Barde Kerner,bkerner4y@unblog.fr,971-943-4081,Bubblebox
180,Jo Haily,jhaily4z@scribd.com,697-181-3712,Vitz
181,Aurelia Copnall,acopnall50@squidoo.com,415-509-3280,Demimbu
182,Stevana Tebbet,stebbet51@mapquest.com,735-133-2367,Meedoo
183,Harmonia Simioni,hsimioni52@amazon.co.jp,957-980-5613,Eayo
184,Juanita Erington,jerington53@geocities.com,734-735-8232,Browseblab
185,Agathe Maw,amaw54@woothemes.com,467-390-9984,Skinder
186,Glennie Mongeot,gmongeot55@shutterfly.com,350-754-3525,Yoveo
187,Callie Mewitt,cmewitt56@indiatimes.com,327-750-2307,Flashdog
188,Robers Dennant,rdennant57@t-online.de,190-938-7754,Wikivu
189,Noah Halkyard,nhalkyard58@prweb.com,208-908-5079,Gigabox
190,Hedi Tibbotts,htibbotts59@unesco.org,948-484-5047,Plajo
191,Jade Birds,jbirds5a@globo.com,680-723-1855,Bubblebox
192,Maje Fassman,mfassman5b@jiathis.com,820-624-0039,Fliptune
193,Mirna Brittan,mbrittan5c@paginegialle.it,380-574-5468,Ntag
194,Rorie Isaksson,risaksson5d@webeden.co.uk,632-131-3103,Omba
195,Marguerite Soro,msoro5e@networksolutions.com,601-686-4013,Jabbertype
196,Lorena Stilgoe,lstilgoe5f@ftc.gov,155-388-6651,Quimba
197,Sibilla Snibson,ssnibson5g@blogs.com,878-221-4418,Snaptags
198,Sean Leydon,sleydon5h@spiegel.de,591-863-4014,JumpXS
199,Meriel Tortoise,mtortoise5i@intel.com,631-396-9534,Jayo
200,Marena Rodgers,mrodgers5j@tripod.com,244-450-5424,Oba
201,Thadeus Shipston,tshipston5k@people.com.cn,177-218-8845,Shuffledrive
202,Reider Rains,rrains5l@usda.gov,324-924-8931,Twitterworks
203,Elinor Kittles,ekittles5m@webeden.co.uk,130-318-1749,Tavu
204,Abbye Owtram,aowtram5n@wired.com,179-526-1114,Dabvine
205,Zeb Lowing,zlowing5o@rambler.ru,872-446-1957,Gigaclub
206,Devinne Mertel,dmertel5p@sogou.com,256-261-8834,Zoomdog
207,Jacklyn Carlson,jcarlson5q@ft.com,118-744-6010,Topicstorm
208,Ina Jillard,ijillard5r@ebay.com,944-286-9946,Abatz
209,Henriette Scholz,hscholz5s@slashdot.org,730-161-3778,Mymm
210,Kameko Orbine,korbine5t@wsj.com,980-698-0438,Oyope
211,Yovonnda Birrel,ybirrel5u@bloglovin.com,504-398-2892,Youfeed
212,Adelina Nice,anice5v@webnode.com,949-770-7661,Yakidoo
213,Magdalena Rizzardini,mrizzardini5w@paginegialle.it,876-514-6432,Skidoo
214,Adriano Cosens,acosens5x@hp.com,718-491-1594,Skaboo
215,Jonis Goodin,jgoodin5y@dion.ne.jp,699-649-5600,Topiclounge
216,Shirline Robrose,srobrose5z@ask.com,605-689-9387,Realfire
217,Sly Borghese,sborghese60@mlb.com,895-533-1106,Nlounge
218,Rebecca Doddridge,rdoddridge61@jimdo.com,812-240-6371,Twitternation
219,Bill Froome,bfroome62@eepurl.com,132-368-4111,Talane
220,Durward Pennaman,dpennaman63@fc2.com,727-383-9549,Riffwire
221,Colan Vasyukov,cvasyukov64@bizjournals.com,133-597-2536,Izio
222,Celine Demko,cdemko65@chronoengine.com,772-199-3918,Brightdog
223,Roxanne Melladew,rmelladew66@upenn.edu,338-269-3684,Fivebridge
224,Ermentrude Stienton,estienton67@hhs.gov,263-823-2790,Thoughtbridge
225,Cacilie Renols,crenols68@hibu.com,875-163-0321,Skinix
226,Zaccaria Blazevic,zblazevic69@si.edu,734-695-4490,Realfire
227,Anni Haburne,ahaburne6a@imgur.com,996-412-1100,Feedfire
228,Adela Checcucci,acheccucci6b@webnode.com,213-461-9843,Kazio
229,Tybalt Harp,tharp6c@scribd.com,723-676-7986,Jetpulse
230,Ricki Yellep,ryellep6d@va.gov,296-128-9010,Cogibox
231,Pavlov O'Dogherty,podogherty6e@skype.com,439-377-8585,Flipopia
232,Camila Tuttiett,ctuttiett6f@pen.io,877-405-7911,Topiczoom
233,Warren Heighton,wheighton6g@loc.gov,115-903-5696,Wikivu
234,Jeniece Jensen,jjensen6h@netlog.com,501-145-6029,Feedfish
235,Ileana Osselton,iosselton6i@weather.com,220-838-4334,Blogtags
236,Noak Barette,nbarette6j@ihg.com,613-437-5338,Yacero
237,Iago Dugdale,idugdale6k@dion.ne.jp,128-795-9815,Devshare
238,Ferd Salman,fsalman6l@redcross.org,357-111-7627,Twitterworks
239,Cale Blayney,cblayney6m@goo.ne.jp,504-559-5632,Photospace
240,Brandi Furzey,bfurzey6n@acquirethisname.com,867-842-2277,Skinder
241,Filia Twitching,ftwitching6o@sina.com.cn,552-852-7093,Bubbletube
242,Susan Elkington,selkington6p@gov.uk,884-194-0286,Wikizz
243,Wald Aysik,waysik6q@bbb.org,209-756-4439,Kayveo
244,Tiertza Yurikov,tyurikov6r@edublogs.org,969-306-2013,Blognation
245,Ardisj Druhan,adruhan6s@gnu.org,245-570-3576,Oyonder
246,Yoshiko Manthorpe,ymanthorpe6t@springer.com,145-590-0028,Livetube
247,Lind Edwicke,ledwicke6u@gizmodo.com,529-651-1492,Kamba
248,Humberto Stockdale,hstockdale6v@google.com.br,494-405-4086,Wikizz
249,Ancell Jansen,ajansen6w@europa.eu,914-476-2444,Omba
250,Shirline Craze,scraze6x@cargocollective.com,426-165-8445,Photolist
251,Clarke McOwan,cmcowan6y@flavors.me,621-190-1291,Zoombox
252,Tomaso Mengo,tmengo6z@cisco.com,940-472-1047,Shuffledrive
253,Sandye Matveichev,smatveichev70@lulu.com,156-852-6186,Bubblemix
254,Charlean Karolovsky,ckarolovsky71@mozilla.com,976-212-3806,Yacero
255,Maria Greensitt,mgreensitt72@addtoany.com,926-757-8543,Devpulse
256,Pavia Simner,psimner73@whitehouse.gov,408-986-0514,Skilith
257,Juditha Bengtson,jbengtson74@artisteer.com,848-647-4125,Devbug
258,Giovanna Fulleylove,gfulleylove75@yale.edu,607-152-0972,Vipe
259,Lynett Sarle,lsarle76@meetup.com,615-393-4177,Edgetag
260,Veronica Ivashechkin,vivashechkin77@apple.com,936-991-5422,Vidoo
261,Jean Bruhnke,jbruhnke78@pen.io,757-931-1767,Zoombeat
262,Nerissa Bidmead,nbidmead79@51.la,425-120-0686,Abata
263,Jonathan Derges,jderges7a@woothemes.com,316-217-8757,Thoughtmix
264,Monique Duggen,mduggen7b@pinterest.com,806-534-9814,Realblab
265,Molly Shopcott,mshopcott7c@ameblo.jp,594-580-0995,Kanoodle
266,Moritz Brotherwood,mbrotherwood7d@imageshack.us,569-136-9776,Teklist
267,Prissie Kilminster,pkilminster7e@smugmug.com,940-151-1076,Bluezoom
268,Fernando Cornford,fcornford7f@geocities.jp,116-260-7580,Muxo
269,Dilly Farrer,dfarrer7g@kickstarter.com,883-231-1836,Ooba
270,Orren Meaden,omeaden7h@nba.com,494-480-8868,Wordify
271,Margy Hartburn,mhartburn7i@hatena.ne.jp,663-378-4385,Topiczoom
272,Robinette O' Donohoe,ro7j@youku.com,593-778-7339,Trilia
273,Colleen McKee,cmckee7k@paginegialle.it,343-970-2317,Zoombox
274,Laurens Hughesdon,lhughesdon7l@deviantart.com,588-868-5891,Yakijo
275,Hestia Gaylard,hgaylard7m@ft.com,511-580-3282,Thoughtsphere
276,Calley Anyene,canyene7n@samsung.com,564-285-5643,Skyvu
277,Jeralee Adao,jadao7o@harvard.edu,200-439-5548,Realblab
278,Nicky De Vaar,nde7p@networksolutions.com,502-728-0057,Wikido
279,Stefania Stede,sstede7q@businessweek.com,361-178-7783,Divavu
280,Livia Lowth,llowth7r@omniture.com,534-409-2345,Jaxnation
281,Charissa Stair,cstair7s@scribd.com,474-467-7143,Gigabox
282,Rustin Grzegorecki,rgrzegorecki7t@hud.gov,775-477-8091,Realbuzz
283,Cody Treen,ctreen7u@nsw.gov.au,791-697-8055,Realcube
284,Gabbie Peaddie,gpeaddie7v@hatena.ne.jp,892-361-8100,Avamba
285,Caterina Beecheno,cbeecheno7w@nasa.gov,802-909-8053,Jaxworks
286,Del Fridd,dfridd7x@msn.com,218-247-6094,Tekfly
287,Bebe Kiehl,bkiehl7y@toplist.cz,754-943-8271,Aivee
288,Veronike Malcolm,vmalcolm7z@google.ca,981-692-2794,Zazio
289,Brietta Bradmore,bbradmore80@rakuten.co.jp,772-535-9934,Kwimbee
290,Taffy Cottle,tcottle81@stumbleupon.com,672-947-0904,Photobug
291,Doti McKeeman,dmckeeman82@soundcloud.com,519-528-8782,Oodoo
292,Rosetta Creenan,rcreenan83@webnode.com,742-919-3069,BlogXS
293,Fabian O'Hartnett,fohartnett84@vimeo.com,560-569-1794,Gigabox
294,Bess Bradly,bbradly85@photobucket.com,265-168-4885,Trupe
295,Ambrosio Stanman,astanman86@blog.com,989-669-0636,Jabberstorm
296,Hunt Fidoe,hfidoe87@slate.com,143-908-2215,Wikibox
297,Andreas MacElroy,amacelroy88@sohu.com,845-181-5080,Tazzy
298,Michal Ornils,mornils89@gov.uk,292-244-0334,Yodel
299,Martie Blinerman,mblinerman8a@vkontakte.ru,787-891-2796,Gabcube
300,Lorri Unworth,lunworth8b@bing.com,224-657-6001,Zoombox
301,Cherilyn Camosso,ccamosso8c@nbcnews.com,819-216-6544,Zoozzy
302,Joelly Greir,jgreir8d@baidu.com,751-296-3144,Shuffletag
303,Freemon Welland,fwelland8e@go.com,275-334-5099,Dynava
304,Betsey McCaughen,bmccaughen8f@senate.gov,950-366-0658,Yodel
305,Tonye Barsam,tbarsam8g@apache.org,435-909-2816,Skimia
306,Cally Bedinn,cbedinn8h@alibaba.com,211-183-5394,Devbug
307,Isiahi Roma,iroma8i@ifeng.com,696-713-4514,Tagchat
308,Daryl Gillespey,dgillespey8j@scribd.com,499-734-0171,Yakijo
309,Joelle Dalglish,jdalglish8k@scribd.com,188-291-0520,Voonix
310,Freedman Frisdick,ffrisdick8l@cornell.edu,383-935-6690,Buzzster
311,Holly Gunther,hgunther8m@twitpic.com,761-934-4964,Brainlounge
312,Lynnell Cockrill,lcockrill8n@bloomberg.com,132-509-4850,Livetube
313,Rahal Gymlett,rgymlett8o@yellowbook.com,419-743-7909,Youfeed
314,Vachel Charpling,vcharpling8p@biblegateway.com,795-173-6228,Tagfeed
315,Thaddus Ferrierio,tferrierio8q@cnn.com,524-737-2579,Quamba
316,Georgie Kenworthy,gkenworthy8r@theatlantic.com,346-497-6225,Omba
317,Nesta Stogill,nstogill8s@vkontakte.ru,779-407-8696,Livetube
318,Amaleta Scotts,ascotts8t@smugmug.com,451-178-3259,Eamia
319,Yanaton Snaddon,ysnaddon8u@free.fr,772-677-9407,Divavu
320,Geraldine Fraczkiewicz,gfraczkiewicz8v@google.com.hk,288-523-2386,Kimia
321,Arel Denington,adenington8w@chron.com,229-195-9376,Brainlounge
322,Paxon Woodcroft,pwoodcroft8x@psu.edu,364-270-6181,Feednation
323,Bernadene Camock,bcamock8y@icio.us,870-303-4850,Wordify
324,Wilfrid Parmby,wparmby8z@xinhuanet.com,252-112-2879,Meemm
325,Constancia Dellar,cdellar90@mozilla.org,562-784-5291,Centizu
326,Jonah Terrelly,jterrelly91@google.fr,623-440-3048,Plajo
327,Lorelle Izat,lizat92@discovery.com,130-618-7141,Lajo
328,Sig Kembley,skembley93@dyndns.org,692-642-7364,Livepath
329,Bronnie Macourek,bmacourek94@cbc.ca,585-351-5327,Realcube
330,Billy Dible,bdible95@flavors.me,135-862-6166,Meemm
331,Coriss McGillreich,cmcgillreich96@oakley.com,882-889-1998,Topdrive
332,Clarisse Inger,cinger97@reverbnation.com,127-515-6151,Oozz
333,Ivar Edmunds,iedmunds98@myspace.com,947-529-0380,Shufflester
334,Darcy Purdom,dpurdom99@simplemachines.org,275-644-4807,Eire
335,Shaylah Bollon,sbollon9a@ft.com,746-274-0155,Linkbuzz
336,Maxy Swindell,mswindell9b@chron.com,126-999-7338,Flipopia
337,Melissa Dingivan,mdingivan9c@answers.com,832-110-5399,Browsetype
338,Lamond Linnitt,llinnitt9d@yandex.ru,598-236-7388,Omba
339,Cyndi Gaggen,cgaggen9e@businessinsider.com,704-902-2223,Skalith
340,Florie Abrahamoff,fabrahamoff9f@weibo.com,510-118-2422,Einti
341,Prince Nassie,pnassie9g@ezinearticles.com,442-202-5351,Realbuzz
342,Nicky Stanett,nstanett9h@wufoo.com,673-797-2129,Babbleset
343,Iggie Zute,izute9i@buzzfeed.com,618-470-0487,Jetpulse
344,Nertie Curtayne,ncurtayne9j@posterous.com,829-891-5745,Fivechat
345,Cherri Chelsom,cchelsom9k@forbes.com,118-942-8557,Realbuzz
346,Shannon Burehill,sburehill9l@storify.com,195-261-3437,Pixonyx
347,Allianora Leatherborrow,aleatherborrow9m@51.la,530-755-3463,Edgepulse
348,Keir Blune,kblune9n@twitter.com,513-337-9162,Buzzster
349,Hashim Larrett,hlarrett9o@sphinn.com,431-642-3760,Brainverse
350,Daron Salzberg,dsalzberg9p@senate.gov,781-772-6724,Dabvine
351,Hayward Crottagh,hcrottagh9q@bandcamp.com,505-368-6544,Photobean
352,Colver Maddams,cmaddams9r@dagondesign.com,922-479-5567,Edgepulse
353,Sinclair Banaszkiewicz,sbanaszkiewicz9s@t.co,945-613-1031,Fanoodle
354,Everett Pyser,epyser9t@amazonaws.com,958-653-9610,Riffpedia
355,Berna Rottcher,brottcher9u@washington.edu,155-630-8372,Gigaclub
356,Nehemiah Belfield,nbelfield9v@gravatar.com,955-908-4269,Omba
357,Berny Padbury,bpadbury9w@buzzfeed.com,661-336-5735,Demizz
358,Danyelle Renison,drenison9x@answers.com,122-421-3324,Roodel
359,Heddi Waddilow,hwaddilow9y@apple.com,347-173-4374,Realmix
360,Fidela Hawse,fhawse9z@irs.gov,339-714-2403,Oyoloo
361,Lazar Tierny,ltiernya0@yale.edu,527-549-4002,Mymm
362,Leelah Soane,lsoanea1@dyndns.org,544-127-3985,Trupe
363,Conrade Hemphall,chemphalla2@va.gov,671-993-4520,Yakijo
364,Roseanna Ivanchenkov,rivanchenkova3@gov.uk,728-978-9299,Wikizz
365,Aurilia Grishakov,agrishakova4@illinois.edu,677-857-2072,Dabvine
366,Binny Falconer-Taylor,bfalconertaylora5@odnoklassniki.ru,792-403-3788,Omba
367,Odelia Ixer,oixera6@umich.edu,555-176-0761,Browsecat
368,Moises Ovill,movilla7@furl.net,950-564-6532,Yambee
369,Jud Wiersma,jwiersmaa8@so-net.ne.jp,884-271-1283,Buzzbean
370,Packston Peck,ppecka9@va.gov,380-297-3362,Blogpad
371,Linnie Scrimshire,lscrimshireaa@washingtonpost.com,501-296-7713,Oloo
372,Gaynor Patel,gpatelab@ed.gov,342-921-5661,Katz
373,Brit Korn,bkornac@biglobe.ne.jp,762-621-3149,Tagpad
374,Sascha Lusty,slustyad@vinaora.com,496-346-1879,Tagpad
375,Yorgos Akeherst,yakeherstae@yellowpages.com,136-372-5827,Fliptune
376,Anet Duffer,adufferaf@canalblog.com,149-598-7715,Fatz
377,Valene Sowersby,vsowersbyag@google.es,497-921-2487,Yombu
378,Jarrett Ibotson,jibotsonah@feedburner.com,205-971-7142,Rhynoodle
379,Caitrin Cullinan,ccullinanai@geocities.jp,423-700-3471,Centimia
380,Danyette Mullarkey,dmullarkeyaj@flickr.com,588-275-2693,Yamia
381,Corrinne Gostling,cgostlingak@yellowbook.com,675-509-0740,Zoomdog
382,Lark Moyse,lmoyseal@theatlantic.com,957-650-9396,Wikido
383,Anatole Haggath,ahaggatham@blogtalkradio.com,964-436-4610,Vinte
384,Lotti McCarrison,lmccarrisonan@symantec.com,186-770-6007,Youtags
385,Marlowe Peckett,mpeckettao@sina.com.cn,537-914-4791,Kwinu
386,Bartram Senecaux,bsenecauxap@blinklist.com,933-617-7905,Skyble
387,Elfreda Fiddiman,efiddimanaq@constantcontact.com,503-368-5916,Divanoodle
388,Marjy Glasscock,mglasscockar@mac.com,649-859-7383,Feedmix
389,Augustus Sothcott,asothcottas@ow.ly,460-524-1393,Devpulse
390,Nathanael Beed,nbeedat@scientificamerican.com,212-892-9381,Fanoodle
391,Karlene Swetenham,kswetenhamau@ow.ly,512-336-5659,Eidel
392,Raviv Noblet,rnobletav@multiply.com,724-144-8881,Skippad
393,Laurene Marquese,lmarqueseaw@cdc.gov,659-706-7570,Flipopia
394,Calida Geke,cgekeax@google.co.jp,193-494-9777,Livetube
395,Elden Crossgrove,ecrossgroveay@sina.com.cn,432-575-1722,Rhyzio
396,Wylma Caneo,wcaneoaz@illinois.edu,650-693-1883,Oyonder
397,Corey Wycherley,cwycherleyb0@ed.gov,501-103-0796,Realmix
398,Philipa Le Sieur,pleb1@51.la,652-660-6414,Roomm
399,April Emmanuel,aemmanuelb2@meetup.com,485-101-3768,Buzzshare
400,Hope Dickenson,hdickensonb3@creativecommons.org,277-961-3304,Kwinu
401,Bessy Akam,bakamb4@amazonaws.com,333-120-5686,Camido
402,Cross Patinkin,cpatinkinb5@edublogs.org,773-921-0924,Mita
403,Ransom Satteford,rsattefordb6@tuttocitta.it,571-359-9603,Jazzy
404,Bron Saby,bsabyb7@si.edu,427-954-7805,Meevee
405,Tomi Nuzzti,tnuzztib8@skype.com,408-366-3969,Oyoba
406,Alberto Ingall,aingallb9@va.gov,287-235-9116,Ozu
407,Shepherd Saville,ssavilleba@ning.com,207-602-0382,Trunyx
408,Barbabra Reder,brederbb@merriam-webster.com,258-954-6240,Ooba
409,Gabe Ivanonko,givanonkobc@usnews.com,324-195-3711,Youfeed
410,Harriott Hayer,hhayerbd@sbwire.com,852-189-0525,Centimia
411,Ilaire Abrahams,iabrahamsbe@house.gov,802-331-6615,Trunyx
412,Selma McNiff,smcniffbf@walmart.com,283-430-7910,Aimbo
413,Francklyn Gait,fgaitbg@behance.net,271-131-7280,Flashset
414,Emmerich Petit,epetitbh@skype.com,311-414-7891,Aimbo
415,Rafael Boothebie,rboothebiebi@google.pl,597-384-2580,Tagopia
416,Corette Finkle,cfinklebj@mozilla.org,460-566-9477,Voonyx
417,Brandais Lambard,blambardbk@a8.net,700-465-2786,Twimbo
418,Rey Grioli,rgriolibl@parallels.com,370-633-0725,Lajo
419,Cyril Neillans,cneillansbm@hubpages.com,558-937-7319,Brainlounge
420,Humberto McMahon,hmcmahonbn@washingtonpost.com,266-767-3835,Buzzdog
421,Georgi Thynne,gthynnebo@miibeian.gov.cn,796-353-0329,Lajo
422,Marve More,mmorebp@mac.com,357-292-7235,Rhycero
423,Dulcie Scogings,dscogingsbq@japanpost.jp,318-104-1273,Centimia
424,Alysa Wrinch,awrinchbr@vkontakte.ru,476-210-4143,Babbleblab
425,Blayne Frangleton,bfrangletonbs@liveinternet.ru,693-463-6850,Ntag
426,Dynah Growcock,dgrowcockbt@microsoft.com,151-701-3786,Jayo
427,Jordanna Spavon,jspavonbu@soup.io,491-545-5992,Browsezoom
428,Gabi Thickens,gthickensbv@cam.ac.uk,676-775-6140,Babbleopia
429,Natalina Rodmell,nrodmellbw@google.com,588-238-8647,Meembee
430,Gael Vernau,gvernaubx@usgs.gov,846-211-4670,Shufflester
431,Chancey Missen,cmissenby@google.cn,699-554-0965,Yodel
432,Hamel Cockrill,hcockrillbz@hhs.gov,459-185-0617,Yakijo
433,Jobi Sare,jsarec0@biblegateway.com,838-551-4126,Voolia
434,Demetris Carlow,dcarlowc1@twitter.com,781-823-7443,Shuffletag
435,Drusie Hurtado,dhurtadoc2@edublogs.org,741-998-7678,Wikibox
436,Angel Lashbrook,alashbrookc3@irs.gov,718-243-4530,Zooveo
437,Fallon Pyburn,fpyburnc4@ucoz.ru,968-827-0499,Ainyx
438,Vinni Gould,vgouldc5@cloudflare.com,259-691-0892,Kazio
439,Nils Rothert,nrothertc6@i2i.jp,889-124-0017,Tekfly
440,Frieda Iacobucci,fiacobuccic7@example.com,787-553-4656,Bubbletube
441,Carol Croker,ccrokerc8@dmoz.org,862-714-6914,Blogpad
442,Joni Florio,jflorioc9@craigslist.org,972-728-2546,Dabfeed
443,Maye Vergine,mvergineca@engadget.com,828-472-8859,Mita
444,Kerby Pavey,kpaveycb@tripadvisor.com,537-807-6643,Roodel
445,Dore Cockings,dcockingscc@ifeng.com,593-365-3986,Lajo
446,Randene Burrage,rburragecd@cyberchimps.com,778-877-9662,Wordpedia
447,Lewiss Abeles,labelesce@ovh.net,701-533-1148,Divanoodle
448,Ninetta Redit,nreditcf@earthlink.net,306-952-2711,Photospace
449,Elana Handling,ehandlingcg@etsy.com,739-896-0542,Skilith
450,Benita Oxborrow,boxborrowch@merriam-webster.com,157-362-7420,Gigashots
451,Madelon George,mgeorgeci@zdnet.com,906-768-3619,Chatterpoint
452,Josephine Tice,jticecj@w3.org,399-392-6929,Brightdog
453,Fowler Ferreri,fferrerick@cafepress.com,878-974-6720,Demizz
454,Lorelei Lyle,llylecl@columbia.edu,430-824-8144,Browsedrive
455,Ryley Sheerman,rsheermancm@yellowbook.com,656-763-7709,Twimbo
456,Olly Coen,ocoencn@soundcloud.com,898-342-4189,Vidoo
457,Rory Espinoy,respinoyco@freewebs.com,476-849-4027,Jaxbean
458,Emmerich Jurgensen,ejurgensencp@blogspot.com,222-536-7024,Riffwire
459,Shanan Stoffer,sstoffercq@wikipedia.org,412-335-6277,Yozio
460,Joeann Bullcock,jbullcockcr@jugem.jp,554-920-7438,Jaloo
461,Issi Phinnis,iphinniscs@list-manage.com,626-865-5221,Kare
462,Leora Joel,ljoelct@cyberchimps.com,969-830-0637,Babbleset
463,Nikola Leamon,nleamoncu@bloglovin.com,148-818-5504,Gabcube
464,Harli Dulton,hdultoncv@house.gov,257-336-3051,Gabcube
465,Gratia Locard,glocardcw@alibaba.com,657-975-6132,Flashspan
466,Brandice Firmin,bfirmincx@webeden.co.uk,464-104-0024,Youbridge
467,Morten Snowling,msnowlingcy@free.fr,406-495-7992,Gevee
468,Kale Cordier,kcordiercz@weebly.com,644-189-8597,Oyonder
469,Karalee Grinnell,kgrinnelld0@mozilla.org,984-910-7832,Gigaclub
470,Griffith Reagan,greagand1@example.com,390-621-8742,Youopia
471,Eugenia Skipping,eskippingd2@wunderground.com,775-989-0047,Skaboo
472,Hamel Stollberg,hstollbergd3@simplemachines.org,873-311-7129,Jabbercube
473,Daryl Pape,dpaped4@salon.com,555-670-5647,Yozio
474,Rikki Toderbrugge,rtoderbrugged5@netlog.com,711-178-1435,Browsecat
475,Rogers Toogood,rtoogoodd6@pbs.org,300-732-9709,Photospace
476,Zolly Magauran,zmagaurand7@discuz.net,657-519-1440,Browsetype
477,Eugenia Eisold,eeisoldd8@engadget.com,833-258-7242,Dabtype
478,Corabel Comins,ccominsd9@zimbio.com,366-655-2978,JumpXS
479,Rogers Poleye,rpoleyeda@webnode.com,345-368-4222,Dynava
480,Lemar Harriagn,lharriagndb@cisco.com,919-546-1050,Trudoo
481,Reuben Magrannell,rmagrannelldc@rambler.ru,502-254-9044,Skinte
482,Derril Cheesworth,dcheesworthdd@europa.eu,497-139-5662,Zoonder
483,Artair Hellwing,ahellwingde@myspace.com,716-548-2561,Centizu
484,Kingsley Noe,knoedf@ask.com,649-640-8659,Plambee
485,Katalin Dobing,kdobingdg@usnews.com,599-783-1740,Bubbletube
486,Lucine Dorcey,ldorceydh@vk.com,604-656-7628,Brainlounge
487,Hurley Sibbit,hsibbitdi@umn.edu,776-732-1286,Topicware
488,Judd Densell,jdenselldj@amazon.com,735-574-5827,Jatri
489,Drud Correa,dcorreadk@yellowpages.com,207-198-3329,Voolith
490,Meaghan Arrault,marraultdl@macromedia.com,159-346-3120,Tagtune
491,Donaugh Loosemore,dloosemoredm@ocn.ne.jp,393-781-9821,Skajo
492,Rollins Lomaz,rlomazdn@ca.gov,702-783-2975,Aimbu
493,Jeana Platt,jplattdo@lulu.com,123-878-4952,Rooxo
494,Giselbert Bernardeschi,gbernardeschidp@illinois.edu,682-459-5666,Flashspan
495,Aretha Ridges,aridgesdq@bizjournals.com,956-454-2782,Kwilith
496,Sarena Dybell,sdybelldr@unesco.org,506-923-7378,Trudeo
497,Janeta Geill,jgeillds@histats.com,156-862-8107,Yoveo
498,Stephanie Votier,svotierdt@e-recht24.de,335-363-4155,Zoombeat
499,Duff Littler,dlittlerdu@jiathis.com,292-380-6422,Browsetype
500,Bevon Grayland,bgraylanddv@epa.gov,217-398-6183,Gigabox
501,Kele Seyffert,kseyffertdw@alexa.com,991-562-0689,Meeveo
502,Elvera Hyndley,ehyndleydx@homestead.com,419-431-7334,Meevee
503,Lotti Morrad,lmorraddy@addtoany.com,111-602-2937,Realmix
504,Abran Shier,ashierdz@cnbc.com,567-240-5251,Brainsphere
505,Crissie Alford,calforde0@amazon.de,980-331-8937,Gabspot
506,Clare Riteley,criteleye1@histats.com,943-150-9513,Flashset
507,Dukey Beausang,dbeausange2@purevolume.com,375-322-7600,Mymm
508,Bailey Ewence,bewencee3@etsy.com,576-494-4470,Yamia
509,Ulysses Rowledge,urowledgee4@addtoany.com,177-373-9742,Fivebridge
510,Lorette Solomonides,lsolomonidese5@goodreads.com,124-507-4051,Mydo
511,Ruperta Nequest,rnequeste6@cdc.gov,899-403-5035,Mynte
512,Bartie Pedlingham,bpedlinghame7@hibu.com,649-217-3436,Gabvine
513,Filide Gorstidge,fgorstidgee8@addtoany.com,763-659-5858,Rhynoodle
514,Marilee McGarahan,mmcgarahane9@instagram.com,202-269-8733,Kanoodle
515,Thomas Vasey,tvaseyea@ezinearticles.com,564-759-7946,Wordpedia
516,Hiram Norman,hnormaneb@howstuffworks.com,912-382-9844,Zoozzy
517,Leon Willoughley,lwilloughleyec@cafepress.com,148-774-5394,Brainbox
518,Beckie Zold,bzolded@sfgate.com,363-696-7214,Oyoyo
519,Emilee Matzaitis,ematzaitisee@edublogs.org,240-286-5013,Twitterlist
520,Anthea Garber,agarberef@irs.gov,228-308-2716,Gigazoom
521,Winfred Champion,wchampioneg@stumbleupon.com,281-561-4289,Bluejam
522,Jecho Haughian,jhaughianeh@ibm.com,961-161-3262,Eazzy
523,Fons McCleary,fmcclearyei@psu.edu,778-496-3673,Centidel
524,Ramonda Maciaszczyk,rmaciaszczykej@fda.gov,310-737-1538,Wikizz
525,Brook Paxman,bpaxmanek@stumbleupon.com,558-796-5924,Jabbertype
526,Collete Lawes,clawesel@etsy.com,271-957-7334,Brightbean
527,Giorgio Brosetti,gbrosettiem@exblog.jp,748-320-5614,Fiveclub
528,Warde Garfirth,wgarfirthen@gnu.org,711-541-5364,Skilith
529,Andrey Duerdin,aduerdineo@eepurl.com,758-145-9512,Trupe
530,Judd Driver,jdriverep@geocities.jp,313-821-3947,Abata
531,Byrom Tromans,btromanseq@java.com,706-540-1028,Ozu
532,Sammie Stocker,sstockerer@usatoday.com,418-847-7011,Zoonoodle
533,Simonne Sewall,ssewalles@weibo.com,361-641-5707,Einti
534,Aylmar Marages,amarageset@qq.com,937-259-4740,Babbleblab
535,Sebastiano Shildrake,sshildrakeeu@elegantthemes.com,601-450-9981,Yabox
536,Al Sine,asineev@flickr.com,385-581-1027,Zoovu
537,Idette Postlewhite,ipostlewhiteew@columbia.edu,821-897-9223,Rooxo
538,Josey Justun,jjustunex@ocn.ne.jp,544-270-8191,Jayo
539,Ami Smedmore,asmedmoreey@businesswire.com,651-835-6104,Twitternation
540,Rosamund Bullock,rbullockez@comsenz.com,506-611-7503,Yadel
541,Jo-anne Welldrake,jwelldrakef0@blog.com,285-746-5757,Myworks
542,Adriena Stenyng,astenyngf1@gmpg.org,838-150-6126,Wikizz
543,Ignaz McCard,imccardf2@joomla.org,551-292-2332,Thoughtworks
544,Erroll Smedmoor,esmedmoorf3@discuz.net,539-904-5024,Skidoo
545,Angelle Millar,amillarf4@mediafire.com,479-194-4952,Vitz
546,Stephen Paxman,spaxmanf5@cafepress.com,411-349-8241,Quinu
547,Chucho Chaunce,cchauncef6@cbc.ca,539-517-9754,Mycat
548,Deonne Gerrelts,dgerreltsf7@1und1.de,693-843-7423,Quimba
549,Olia McFaul,omcfaulf8@gov.uk,602-837-0047,Cogidoo
550,Bette Turbayne,bturbaynef9@google.fr,365-823-0710,Wikibox
551,Gil Colaton,gcolatonfa@foxnews.com,901-655-5987,Jetpulse
552,Abbey Somerled,asomerledfb@yale.edu,599-802-9931,Camimbo
553,Willetta Goodwyn,wgoodwynfc@unesco.org,681-935-6198,Fadeo
554,Berri Paulet,bpauletfd@apache.org,873-723-6891,Shuffletag
555,Gerri De Lascy,gdefe@cbslocal.com,306-527-8531,Eamia
556,Kim Clatworthy,kclatworthyff@instagram.com,585-226-3040,Midel
557,Ernst Steddall,esteddallfg@thetimes.co.uk,391-442-2101,Skajo
558,Trevor Felder,tfelderfh@t.co,171-559-1928,Riffwire
559,Mora Oxlade,moxladefi@hexun.com,180-168-9990,Ainyx
560,Henri Atchly,hatchlyfj@pagesperso-orange.fr,857-514-1543,Skinix
561,Meade Shambroke,mshambrokefk@sina.com.cn,917-762-3820,Jaloo
562,Sampson Cowlishaw,scowlishawfl@technorati.com,989-132-6027,Ooba
563,Mercedes Reddyhoff,mreddyhofffm@loc.gov,995-149-5937,Twimm
564,Cesare Winram,cwinramfn@scribd.com,265-475-9401,Dynazzy
565,Susannah Pelcheur,spelcheurfo@narod.ru,812-361-2295,Youtags
566,Dalila Seaward,dseawardfp@uol.com.br,546-553-2623,Thoughtworks
567,Elnora Applegarth,eapplegarthfq@google.com.au,467-576-2135,Quaxo
568,Rodina McGettigan,rmcgettiganfr@latimes.com,352-310-4900,Shuffledrive
569,Tiphanie Eager,teagerfs@yandex.ru,131-213-8248,Avamba
570,Cristy Sherwen,csherwenft@oracle.com,919-800-6084,Youopia
571,Kent Cockayne,kcockaynefu@patch.com,236-534-7097,Oba
572,Garik Cordeiro,gcordeirofv@dion.ne.jp,114-561-6176,Riffpath
573,Stevana Southwick,ssouthwickfw@mayoclinic.com,723-348-9376,BlogXS
574,Sean Sutter,ssutterfx@t.co,807-542-8088,Buzzster
575,Nathan Clerk,nclerkfy@multiply.com,828-985-4620,Gigashots
576,Lethia McKeney,lmckeneyfz@mail.ru,812-164-6750,Flipstorm
577,Glennie Chilles,gchillesg0@goodreads.com,470-944-1146,Yodo
578,Crosby Honniebal,chonniebalg1@sphinn.com,706-208-2540,Rhyzio
579,Yulma Deval,ydevalg2@storify.com,200-150-1621,Riffpath
580,Davy Penticoot,dpenticootg3@walmart.com,982-940-8852,Thoughtstorm
581,Tonye Walkden,twalkdeng4@columbia.edu,916-657-6192,Wikizz
582,Joan Fozzard,jfozzardg5@artisteer.com,828-545-9107,Oyoloo
583,Paten Rapin,praping6@is.gd,875-385-5276,Zoozzy
584,Carey Sidebotham,csidebothamg7@google.ca,517-997-7002,Topiczoom
585,Baxter Celez,bcelezg8@intel.com,991-959-6637,Oyonder
586,Sloan Cardenas,scardenasg9@nbcnews.com,596-799-1180,Twimm
587,Tedie Mariault,tmariaultga@prweb.com,826-521-4014,Jabbercube
588,Dominic Swiffen,dswiffengb@bandcamp.com,510-552-6794,Brainverse
589,Lilith Pond,lpondgc@bizjournals.com,885-527-2492,Edgewire
590,Kerrill Havile,khavilegd@sbwire.com,195-463-3791,Twiyo
591,Earlie Broggini,ebrogginige@about.com,896-125-5371,Tagcat
592,Tresa Logue,tloguegf@blog.com,667-218-6288,Yabox
593,Hadrian Boice,hboicegg@ihg.com,500-482-2172,Browsedrive
594,Rozalie Senn,rsenngh@archive.org,900-779-0191,Wordify
595,Nicol Nutbeem,nnutbeemgi@geocities.jp,412-885-0093,Jazzy
596,Maribeth Nabbs,mnabbsgj@wp.com,816-271-9362,Skipfire
597,Merridie Enden,mendengk@mlb.com,559-143-2997,Jayo
598,Theobald Evitts,tevittsgl@histats.com,452-952-8324,Photobug
599,Ulises Bullas,ubullasgm@deviantart.com,445-860-7974,Avaveo
600,Kinnie Gough,kgoughgn@cpanel.net,582-313-4084,Mynte
601,Shalne Studholme,sstudholmego@census.gov,278-149-5809,Feednation
602,Cherin Mallock,cmallockgp@example.com,828-402-1642,Einti
603,Hettie Ovett,hovettgq@hugedomains.com,559-615-0087,Gigaclub
604,Felike Bendon,fbendongr@mail.ru,835-636-8184,Abatz
605,Zea Mulhall,zmulhallgs@cmu.edu,878-439-2988,Aibox
606,Pincas Murfill,pmurfillgt@sogou.com,538-489-5343,Gabtype
607,Stella Leith-Harvey,sleithharveygu@netlog.com,497-655-1503,Skiba
608,Shannon Maylour,smaylourgv@infoseek.co.jp,626-298-4485,Meezzy
609,Peterus Aldin,paldingw@ow.ly,447-881-1706,Mudo
610,Murdoch Tollet,mtolletgx@tmall.com,738-128-6104,Vimbo
611,Florie Fresson,ffressongy@opensource.org,983-858-2117,Brainsphere
612,Ronna Riccardelli,rriccardelligz@ustream.tv,772-581-0113,Centizu
613,Blancha Ditchett,bditchetth0@photobucket.com,673-141-2648,Centizu
614,Chucho Aspinal,caspinalh1@columbia.edu,614-482-3658,Feedspan
615,Martynne Barnby,mbarnbyh2@blog.com,554-572-0030,Vinder
616,Schuyler MacGaffey,smacgaffeyh3@blogtalkradio.com,844-963-4495,Katz
617,Emmanuel Thake,ethakeh4@salon.com,965-275-2145,Youspan
618,Devlin Baynam,dbaynamh5@bloomberg.com,554-283-2468,Zoomdog
619,Reyna Desvignes,rdesvignesh6@zdnet.com,711-458-2933,Gigabox
620,Perice Fronek,pfronekh7@google.com,576-665-8140,Twimm
621,Smith Reeme,sreemeh8@telegraph.co.uk,897-585-1215,Jayo
622,Cart Poppleston,cpopplestonh9@sourceforge.net,789-457-0104,Roombo
623,Linnell Pawlata,lpawlataha@sitemeter.com,102-846-1563,BlogXS
624,Karry Heinreich,kheinreichhb@over-blog.com,867-564-8171,Aimbo
625,Cullen Chatterton,cchattertonhc@wunderground.com,349-447-6648,Podcat
626,Rusty Salvatore,rsalvatorehd@prnewswire.com,572-158-3238,Eamia
627,Millicent Foulger,mfoulgerhe@bing.com,749-232-1712,Rhyzio
628,Phelia Jewar,pjewarhf@instagram.com,193-891-0165,Voonder
629,Vincenz Quinnelly,vquinnellyhg@foxnews.com,374-626-5400,Meetz
630,Aurelea Boal,aboalhh@baidu.com,949-652-1085,Innotype
631,Amalee Brogan,abroganhi@unc.edu,459-649-1445,Quaxo
632,Henry Caudelier,hcaudelierhj@dmoz.org,270-940-6743,Fanoodle
633,Kevan Gianotti,kgianottihk@blogs.com,802-468-3353,Skalith
634,Giralda O'Halligan,gohalliganhl@phpbb.com,207-995-7083,Gabtype
635,Dasie Bothe,dbothehm@independent.co.uk,158-729-2962,Pixope
636,Angus Massot,amassothn@meetup.com,367-251-6448,Riffpedia
637,Price Sansum,psansumho@eepurl.com,405-228-2581,InnoZ
638,Biddy Glanville,bglanvillehp@list-manage.com,454-534-4441,Camido
639,Sergent Dymoke,sdymokehq@salon.com,144-554-9789,Oba
640,Cheslie Bampkin,cbampkinhr@yale.edu,343-265-4127,Yotz
641,Lanni Halm,lhalmhs@bloglines.com,573-719-6398,Kaymbo
642,Conroy Trouel,ctrouelht@prlog.org,394-727-2676,Browsedrive
643,Olva Pleat,opleathu@opera.com,927-746-4943,Skimia
644,Domingo Mitskevich,dmitskevichhv@disqus.com,338-872-6138,Dynazzy
645,Domeniga Glawsop,dglawsophw@ibm.com,290-377-2759,Feedfire
646,Vinni Tocque,vtocquehx@ted.com,552-627-4936,Skalith
647,Forester Moores,fmooreshy@tamu.edu,489-522-3047,Tanoodle
648,Dorolisa Walworche,dwalworchehz@adobe.com,183-437-6021,Npath
649,Ninetta Whissell,nwhisselli0@smh.com.au,301-243-8485,Eayo
650,Maurise McDell,mmcdelli1@de.vu,526-971-8753,Gevee
651,Rora Bullers,rbullersi2@ox.ac.uk,838-697-2348,Ooba
652,Herman Glanz,hglanzi3@fda.gov,914-460-0169,Tagcat
653,Cassi Ferbrache,cferbrachei4@unblog.fr,747-722-2128,Dynabox
654,Fidelia Livesay,flivesayi5@seattletimes.com,535-497-2370,Flipopia
655,Corrie O'Gavin,cogavini6@blinklist.com,534-510-1714,Meembee
656,Roby Goldring,rgoldringi7@mapy.cz,460-997-1483,Tekfly
657,Kenn Geater,kgeateri8@creativecommons.org,536-955-0694,Skajo
658,Gordie Rilton,griltoni9@scribd.com,475-852-3535,Zooveo
659,Ogdan Yurlov,oyurlovia@quantcast.com,716-913-2762,Photobug
660,Linc Cuttell,lcuttellib@webeden.co.uk,434-897-8673,Oba
661,Kev Isabell,kisabellic@squidoo.com,126-790-4019,Photolist
662,Yettie Pund,ypundid@pinterest.com,113-273-1320,Twitterbeat
663,Isabelle Hollow,ihollowie@state.tx.us,141-410-2950,Kanoodle
664,Ashlee Frayling,afraylingif@gnu.org,868-183-3799,Pixonyx
665,Roderick Hartfleet,rhartfleetig@e-recht24.de,606-109-6929,Realpoint
666,Laureen Dericot,ldericotih@4shared.com,618-580-0158,Avamba
667,Dermot Duffyn,dduffynii@craigslist.org,293-458-3170,Ntag
668,Ignacio Adderson,iaddersonij@hao123.com,233-379-3904,Skilith
669,Valida Manion,vmanionik@typepad.com,728-271-3256,Avaveo
670,Giovanni Ongin,gonginil@apache.org,562-587-0003,Livetube
671,Vi Gallihawk,vgallihawkim@hc360.com,585-599-8620,Mynte
672,Honey Bussell,hbussellin@google.co.uk,841-119-4468,Wordpedia
673,Katuscha Marzelo,kmarzeloio@marriott.com,495-688-1325,Trilith
674,Peter Plail,pplailip@simplemachines.org,862-152-1893,Brightdog
675,Jane Columbell,jcolumbelliq@t-online.de,316-107-9311,Browsedrive
676,Donaugh Oger,dogerir@exblog.jp,316-207-2786,Gigaclub
677,Geoff Klisch,gklischis@dedecms.com,231-235-7746,Thoughtblab
678,Rodolfo Lachaize,rlachaizeit@arstechnica.com,883-107-3111,Trunyx
679,Glad MacKnight,gmacknightiu@google.fr,651-750-6950,Oozz
680,Pyotr Franscioni,pfranscioniiv@virginia.edu,818-492-3705,Buzzdog
681,Francisca Brugemann,fbrugemanniw@yellowpages.com,832-987-8562,Babblestorm
682,Rebe Rumbellow,rrumbellowix@ted.com,987-279-5078,Skipfire
683,Freddy Aspole,faspoleiy@thetimes.co.uk,955-423-2897,Meeveo
684,Carrol Cotmore,ccotmoreiz@ihg.com,196-903-0717,Pixope
685,Eleni Drynan,edrynanj0@desdev.cn,925-968-8558,Ntags
686,Peggi Guidoni,pguidonij1@hostgator.com,692-505-9810,Pixoboo
687,Reena Tomaszewicz,rtomaszewiczj2@google.de,318-489-3147,Tagfeed
688,Garrett Harvey,gharveyj3@goo.ne.jp,365-363-7870,Twitterbeat
689,Lark Haggarty,lhaggartyj4@seattletimes.com,119-355-9764,Kwinu
690,Esmeralda Wardesworth,ewardesworthj5@alibaba.com,615-853-8434,Eadel
691,Manya Livoir,mlivoirj6@jiathis.com,558-184-1110,Twitterbeat
692,Margo Klinck,mklinckj7@intel.com,160-727-0250,Tagopia
693,Cassandre Skipping,cskippingj8@diigo.com,480-329-7434,Bubblebox
694,Pierre Fitzpayn,pfitzpaynj9@sourceforge.net,463-875-3303,Mydeo
695,Theda Juckes,tjuckesja@nps.gov,389-672-5082,Skyndu
696,Minette Coller,mcollerjb@cloudflare.com,107-450-6705,Meedoo
697,Vassili Flores,vfloresjc@ucla.edu,949-988-7018,Fadeo
698,Patty Balogun,pbalogunjd@google.com.au,855-221-7564,Eire
699,Rheta Sibbet,rsibbetje@elegantthemes.com,586-917-9204,Twitterbeat
700,Torr Smallman,tsmallmanjf@wordpress.com,706-253-9883,Eabox
701,Lazarus Gillum,lgillumjg@taobao.com,286-934-5353,Zoombox
702,Berton Vint,bvintjh@scribd.com,553-462-1264,Youbridge
703,Julie Stoeckle,jstoeckleji@epa.gov,522-646-1757,Yadel
704,Lynsey Du Barry,ldujj@cnet.com,910-598-3591,Topdrive
705,Beau Barnish,bbarnishjk@rakuten.co.jp,886-645-0534,Mydeo
706,Gertrud Morris,gmorrisjl@lulu.com,282-247-4909,Livepath
707,Wylma Ainsbury,wainsburyjm@yelp.com,903-476-0226,Youfeed
708,Katusha Boutflour,kboutflourjn@domainmarket.com,455-608-0842,Twitterlist
709,Kristine Westlake,kwestlakejo@phoca.cz,126-372-0063,Brainlounge
710,Marsha McAreavey,mmcareaveyjp@ucsd.edu,764-165-7191,Ntags
711,Devin Swatten,dswattenjq@cyberchimps.com,495-654-4414,Twinder
712,Concordia Beadnell,cbeadnelljr@usgs.gov,797-436-7346,Gigabox
713,Chantalle Brothwell,cbrothwelljs@pagesperso-orange.fr,585-357-0377,Mybuzz
714,Bobbette Antecki,banteckijt@skype.com,330-308-8198,Jayo
715,Zola Blagden,zblagdenju@delicious.com,434-758-9970,Aimbu
716,Ermin Jales,ejalesjv@netvibes.com,375-414-9131,Quaxo
717,Irvine Antowski,iantowskijw@apache.org,749-914-7731,Ozu
718,Beniamino Parry,bparryjx@people.com.cn,846-406-2470,Feedbug
719,Haze Iapico,hiapicojy@abc.net.au,695-853-6267,Voonder
720,Saunder Hobbema,shobbemajz@dot.gov,314-215-2975,Browseblab
721,Vonni Stonelake,vstonelakek0@ucoz.com,434-108-5348,Dablist
722,Amii Plaide,aplaidek1@privacy.gov.au,165-591-7812,Dynabox
723,Jinny Mangin,jmangink2@bigcartel.com,102-680-8780,Jaxspan
724,Sharron Wemm,swemmk3@flickr.com,639-991-6722,Twitterworks
725,Ingaberg Buie,ibuiek4@wisc.edu,917-814-4544,Kwilith
726,Fred Leftly,fleftlyk5@csmonitor.com,876-655-1769,Meezzy
727,Gwenore Jerman,gjermank6@zdnet.com,410-645-6361,Twimm
728,Alysa Kilfoyle,akilfoylek7@ovh.net,562-980-5665,Shuffledrive
729,Peter Scargill,pscargillk8@huffingtonpost.com,407-393-0278,Zooveo
730,Zachery Ronaldson,zronaldsonk9@disqus.com,964-736-0345,Wikivu
731,Alleyn Crissil,acrissilka@elpais.com,718-957-8766,Photospace
732,Gaby Cockshtt,gcockshttkb@msn.com,546-681-2577,Demivee
733,Marion Wisdom,mwisdomkc@furl.net,720-534-4770,Kanoodle
734,Ellwood Cohan,ecohankd@archive.org,670-583-0533,Ozu
735,Kanya Bennet,kbennetke@microsoft.com,638-938-1331,Aibox
736,Bartolemo Castellet,bcastelletkf@geocities.com,845-844-4851,Trudeo
737,Blayne Wadelin,bwadelinkg@usgs.gov,174-700-9180,Jetpulse
738,Marci Nardrup,mnardrupkh@adobe.com,185-718-5686,Oloo
739,Cora Beveridge,cbeveridgeki@weebly.com,897-891-2005,Browsetype
740,Aldric Pedlow,apedlowkj@vinaora.com,509-434-9698,Rhyzio
741,Lovell Karus,lkaruskk@cnn.com,972-952-3349,Wordware
742,Ivar Mushart,imushartkl@blogs.com,127-928-9529,Pixonyx
743,Damaris Stoneham,dstonehamkm@51.la,370-379-0331,Bubblemix
744,Mort Sowman,msowmankn@eepurl.com,939-107-1157,Flashset
745,Jake Hamlington,jhamlingtonko@columbia.edu,363-274-8515,Nlounge
746,Ario Lerego,aleregokp@bigcartel.com,717-838-5963,Brainsphere
747,Serena Climance,sclimancekq@ucla.edu,465-963-3332,Fivechat
748,Catarina Thal,cthalkr@vimeo.com,477-829-1192,Flashspan
749,Byron Cawsy,bcawsyks@blogger.com,308-157-8314,Quatz
750,Robbi Sparwell,rsparwellkt@creativecommons.org,946-501-4360,Brainverse
751,Lou Applin,lapplinku@google.co.uk,672-403-3592,Pixoboo
752,Titos Willmetts,twillmettskv@businessinsider.com,488-157-4570,Flashpoint
753,Nora Everington,neveringtonkw@whitehouse.gov,519-622-4593,Eazzy
754,Uriah Mangenet,umangenetkx@intel.com,764-508-3878,Babbleopia
755,Maryl Ashbe,mashbeky@comsenz.com,435-197-4386,Buzzdog
756,Conchita Giraudy,cgiraudykz@abc.net.au,683-618-6689,Photobug
757,Trstram Luckwell,tluckwelll0@mapy.cz,643-610-4001,Zoovu
758,Dorice Lampert,dlampertl1@godaddy.com,925-701-9787,Pixope
759,Antons Guillford,aguillfordl2@sfgate.com,663-880-4954,Minyx
760,Zandra Angeli,zangelil3@weebly.com,693-853-1403,Tagpad
761,Eberhard Eyers,eeyersl4@constantcontact.com,580-792-4202,Tagfeed
762,Renaldo Gress,rgressl5@prweb.com,765-759-1214,Divavu
763,Reube Fritche,rfritchel6@fastcompany.com,594-744-8184,Wordify
764,Sinclair Janak,sjanakl7@nba.com,333-994-2937,Oyonder
765,Barri Crannis,bcrannisl8@aboutads.info,884-880-5012,Twitterbridge
766,Westley Filipov,wfilipovl9@hud.gov,634-498-4529,Mita
767,Currie Searle,csearlela@eventbrite.com,619-673-4806,Devshare
768,Vincents Starbuck,vstarbucklb@skype.com,120-874-1449,Realbuzz
769,Frederica Worgan,fworganlc@smh.com.au,310-645-7574,Npath
770,Annabella Rawlin,arawlinld@sitemeter.com,443-714-9222,Flashset
771,Cy Fishburn,cfishburnle@nih.gov,908-277-2390,Meeveo
772,Anthiathia Higgen,ahiggenlf@google.es,807-917-4785,Yozio
773,Briny Chevis,bchevislg@issuu.com,252-664-6690,Gabcube
774,Dunn Caslett,dcaslettlh@ezinearticles.com,116-618-2973,Avamm
775,Nicky Boniface,nbonifaceli@people.com.cn,155-647-6990,Riffpedia
776,Linet Gagan,lgaganlj@shinystat.com,921-600-7053,Meevee
777,Winny Filip,wfiliplk@phoca.cz,367-730-4165,Pixope
778,Bambie Harbert,bharbertll@xrea.com,791-713-5467,Yambee
779,Jareb Doust,jdoustlm@time.com,724-461-0903,Gabcube
780,Jonah Pogosian,jpogosianln@surveymonkey.com,160-476-9620,Midel
781,Fayre Stubbings,fstubbingslo@amazon.com,857-360-3154,Skinder
782,Guy Fussie,gfussielp@bloomberg.com,251-952-2194,Voonix
783,Kelsy De Vuyst,kdelq@loc.gov,921-551-1672,Mynte
784,Donnamarie MacUchadair,dmacuchadairlr@spotify.com,175-571-2565,Skibox
785,Jayson Bownes,jbownesls@unblog.fr,234-204-0330,Mydo
786,Blanche Balazin,bbalazinlt@chron.com,330-949-5238,Skivee
787,Burr Cayser,bcayserlu@harvard.edu,383-631-4639,Zoombox
788,Konstanze Prium,kpriumlv@smugmug.com,759-571-0072,Livepath
789,Maje Spileman,mspilemanlw@cbsnews.com,742-342-2647,Jabbersphere
790,Reeva McLukie,rmclukielx@odnoklassniki.ru,836-122-4214,BlogXS
791,Selig Markovich,smarkovichly@alibaba.com,965-759-4487,Ailane
792,Norry Rylett,nrylettlz@columbia.edu,494-815-2143,Fadeo
793,Ivonne Sands,isandsm0@uol.com.br,837-589-2513,Yamia
794,Loy Lissenden,llissendenm1@privacy.gov.au,140-680-8645,Oyoyo
795,Sandro Ketcher,sketcherm2@narod.ru,169-699-4712,Kwinu
796,Israel Pilger,ipilgerm3@huffingtonpost.com,915-873-2121,Rhycero
797,Anabal Bamborough,abamboroughm4@spiegel.de,484-236-6364,Innojam
798,Madelaine Bartoletti,mbartolettim5@sfgate.com,880-267-7535,Kare
799,Marget Tookey,mtookeym6@princeton.edu,376-884-2026,Buzzbean
800,Malina Fennessy,mfennessym7@360.cn,340-245-2898,Jayo
801,Agretha Stichel,astichelm8@scientificamerican.com,919-939-9663,Meedoo
802,Wolfy Shallcrass,wshallcrassm9@va.gov,484-584-7821,Photobean
803,Eustace Dybald,edybaldma@nydailynews.com,643-765-3012,Vimbo
804,Ludwig Hallick,lhallickmb@cbsnews.com,540-106-3014,Teklist
805,Marvin O'Leahy,moleahymc@imageshack.us,120-870-5441,Devpulse
806,Sondra Wickrath,swickrathmd@kickstarter.com,235-310-5293,Zoombox
807,Aridatha Leads,aleadsme@blinklist.com,754-921-9218,Centidel
808,Ira Vasechkin,ivasechkinmf@omniture.com,943-861-0489,Twitterbridge
809,Hobey Waddy,hwaddymg@webs.com,541-377-7112,Leenti
810,Natale Mattacks,nmattacksmh@histats.com,202-590-7035,Muxo
811,Chick Amberger,cambergermi@jimdo.com,602-695-3572,Brightbean
812,Syman Joire,sjoiremj@godaddy.com,739-531-5882,Reallinks
813,Rodd Placide,rplacidemk@soup.io,859-955-6162,Tagtune
814,Alisa Langrish,alangrishml@123-reg.co.uk,245-951-3497,Babbleblab
815,Noak Coolson,ncoolsonmm@intel.com,121-782-6888,Edgewire
816,Page Okenden,pokendenmn@loc.gov,361-931-0834,Fanoodle
817,Prisca Titchener,ptitchenermo@etsy.com,110-298-8350,Kwinu
818,Catriona Dobsons,cdobsonsmp@gnu.org,739-517-8282,Wikido
819,Ernestine Carlesso,ecarlessomq@hubpages.com,297-654-7342,Rhybox
820,Nikki Hanway,nhanwaymr@youtu.be,366-378-6119,Trudeo
821,Ester Giberd,egiberdms@princeton.edu,864-845-0357,Pixoboo
822,Nita Farnorth,nfarnorthmt@cmu.edu,334-341-2185,Skivee
823,Spense Lunn,slunnmu@merriam-webster.com,355-214-7636,Avavee
824,Elonore Hardesty,ehardestymv@lulu.com,196-599-8759,Babbleset
825,Merla Deyenhardt,mdeyenhardtmw@twitter.com,486-399-0352,Snaptags
826,Livvyy Folbigg,lfolbiggmx@nhs.uk,329-954-3973,Yoveo
827,Fonz Hollidge,fhollidgemy@nbcnews.com,625-958-6557,Devbug
828,Borden Timcke,btimckemz@mlb.com,662-279-4788,Devbug
829,Dredi Unworth,dunworthn0@privacy.gov.au,715-223-9830,Cogidoo
830,Siward Dalgety,sdalgetyn1@dyndns.org,982-526-5144,Topdrive
831,Kaiser Baugh,kbaughn2@sitemeter.com,772-172-4447,Aivee
832,Audie Saban,asabann3@intel.com,139-388-0143,Thoughtworks
833,Bobina Kondrachenko,bkondrachenkon4@aol.com,115-230-6253,Twitterbeat
834,Carry Izaks,cizaksn5@google.nl,111-658-0112,Browsetype
835,Humfried Pheasant,hpheasantn6@go.com,893-475-5157,Zoomdog
836,Stesha Nolin,snolinn7@dailymotion.com,916-753-8668,Twimm
837,Cassi Traise,ctraisen8@de.vu,548-900-8246,Eabox
838,Ange Cherrett,acherrettn9@constantcontact.com,719-348-6219,Jayo
839,Elfrieda Vittore,evittorena@histats.com,750-754-7454,Devbug
840,Sally Leach,sleachnb@wordpress.org,447-965-5226,Kamba
841,Leonardo Woolpert,lwoolpertnc@sciencedirect.com,186-453-0528,Edgetag
842,Ephrayim Jerke,ejerkend@360.cn,485-792-4352,Gigaclub
843,Corie Washbrook,cwashbrookne@yale.edu,121-487-6508,Photobean
844,Fae Jiroudek,fjiroudeknf@list-manage.com,640-344-5323,Dabfeed
845,Victor Dineges,vdinegesng@cocolog-nifty.com,989-235-5181,Nlounge
846,Carlin Pounsett,cpounsettnh@rediff.com,274-404-8281,Voomm
847,Alexina Yeld,ayeldni@globo.com,824-497-7369,Dabshots
848,Kendell Lippiett,klippiettnj@tuttocitta.it,822-124-7554,Yombu
849,Kincaid Tamlett,ktamlettnk@imageshack.us,200-675-9207,Dablist
850,Bobbye Cawdery,bcawderynl@themeforest.net,419-156-0482,Nlounge
851,Timofei MacCracken,tmaccrackennm@economist.com,255-103-7407,Wikido
852,Josias Hadeke,jhadekenn@bloglines.com,639-100-0379,Twiyo
853,Abran Albutt,aalbuttno@cbc.ca,453-592-9718,Zoomzone
854,Alessandra Harbert,aharbertnp@typepad.com,552-599-1843,Meevee
855,Kip Twinbourne,ktwinbournenq@vinaora.com,635-712-4206,Feednation
856,Hermie McFetridge,hmcfetridgenr@time.com,200-742-5170,Voonder
857,Daveen Lakenton,dlakentonns@dailymail.co.uk,218-803-4208,Yabox
858,Lucio Jenking,ljenkingnt@com.com,178-995-9514,Flipstorm
859,Justina Veneur,jveneurnu@posterous.com,570-930-5495,Voonyx
860,Penn Purvess,ppurvessnv@netvibes.com,910-246-6855,Dabfeed
861,Nelie Liversage,nliversagenw@wordpress.org,805-681-1281,Skidoo
862,Ancell Bream,abreamnx@blog.com,124-120-9595,Skimia
863,Susi Yerby,syerbyny@macromedia.com,424-678-6540,Mybuzz
864,Moses Heining,mheiningnz@lycos.com,942-963-6774,Omba
865,Devan Wharf,dwharfo0@plala.or.jp,291-768-8448,Janyx
866,Quinlan Kennewell,qkennewello1@usda.gov,309-215-1954,Skippad
867,Annmarie Pedroli,apedrolio2@163.com,518-164-3774,Jaloo
868,Elbertine Rigler,eriglero3@fotki.com,400-445-5622,Twitterbeat
869,Harris Newsham,hnewshamo4@wikimedia.org,567-487-4114,Npath
870,Christel Rydings,crydingso5@narod.ru,640-901-8030,Twiyo
871,Codi Borgnol,cborgnolo6@yelp.com,834-703-3601,Thoughtstorm
872,Rubina MacCartney,rmaccartneyo7@google.com.hk,742-929-8822,Viva
873,Estel Guillard,eguillardo8@technorati.com,116-742-9319,Livetube
874,Riobard Doonican,rdoonicano9@comsenz.com,542-449-8042,Voolith
875,Bambi Briton,bbritonoa@bizjournals.com,243-574-2872,Browseblab
876,Pyotr Cheer,pcheerob@constantcontact.com,768-301-1424,Omba
877,Thorstein Mateja,tmatejaoc@ezinearticles.com,667-104-6910,Buzzster
878,Emili Tizard,etizardod@miitbeian.gov.cn,827-995-2058,Topicshots
879,Dickie Joyce,djoyceoe@illinois.edu,373-791-3791,Tagpad
880,Felisha Galero,fgaleroof@tmall.com,991-404-4851,Centimia
881,Rasla Loy,rloyog@prlog.org,358-321-4589,Layo
882,Faith Weeds,fweedsoh@wikipedia.org,413-225-7927,Yodel
883,Thor Tokley,ttokleyoi@berkeley.edu,268-837-7695,Oyondu
884,Antonina Kurtis,akurtisoj@ox.ac.uk,571-226-4046,Thoughtstorm
885,Thomasina Anstice,tansticeok@adobe.com,542-826-3876,Skinix
886,Orbadiah Arman,oarmanol@jiathis.com,759-844-2182,Oyoba
887,Johnnie Denmead,jdenmeadom@google.it,920-976-5863,Youtags
888,Ailsun Ouslem,aouslemon@ucla.edu,863-831-0668,Brainverse
889,Vitia Cosham,vcoshamoo@imdb.com,918-303-6480,Tanoodle
890,Melodie Iiannoni,miiannoniop@guardian.co.uk,839-653-8871,Pixoboo
891,Hayley Golby,hgolbyoq@independent.co.uk,424-111-8802,Leexo
892,Bessie Farnell,bfarnellor@timesonline.co.uk,437-821-8737,Zoomcast
893,Cecily Rooke,crookeos@comsenz.com,221-864-1371,Quimm
894,Cybil Radcliffe,cradcliffeot@ox.ac.uk,360-946-1096,Livepath
895,Humfrey Loughman,hloughmanou@ebay.com,499-179-4574,Devpulse
896,Manny Lewin,mlewinov@ted.com,573-104-7767,Yoveo
897,Rosamond Colam,rcolamow@diigo.com,577-344-9178,Quamba
898,Kris Cammocke,kcammockeox@tumblr.com,747-773-1523,Topicware
899,Ramona McDonagh,rmcdonaghoy@walmart.com,162-552-7520,Voomm
900,Natale Storm,nstormoz@engadget.com,435-997-8029,Browsecat
901,Marna Whitsun,mwhitsunp0@nationalgeographic.com,479-605-0736,Zooveo
902,Hendrik McVitty,hmcvittyp1@mac.com,537-900-0111,Buzzster
903,Meghann Siege,msiegep2@people.com.cn,526-338-4612,Podcat
904,Annette Collip,acollipp3@google.com.br,451-316-3372,Meembee
905,Deeann MacCahee,dmaccaheep4@businessinsider.com,235-836-9990,Devpulse
906,Blaine Eskrigg,beskriggp5@dot.gov,397-906-3160,Skinte
907,Robin Brachell,rbrachellp6@guardian.co.uk,722-617-8972,Skalith
908,Dorri Desmond,ddesmondp7@blogtalkradio.com,743-502-3176,Camimbo
909,Ignace Maffetti,imaffettip8@ft.com,176-319-2663,Devify
910,Erl Benediktsson,ebenediktssonp9@sun.com,779-397-2215,Riffpedia
911,Baillie Jozsika,bjozsikapa@elpais.com,779-992-4172,Flipbug
912,Harlene Farenden,hfarendenpb@hibu.com,765-497-2884,Devpulse
913,Dukie Richie,drichiepc@uol.com.br,330-389-7599,Realcube
914,Kathye Batrim,kbatrimpd@berkeley.edu,580-771-3474,Mydo
915,Nike Stowers,nstowerspe@ezinearticles.com,285-211-0089,Riffwire
916,Daryl Wheaton,dwheatonpf@usnews.com,607-560-9417,Quatz
917,Man Gullivent,mgulliventpg@cisco.com,116-462-0045,Fivespan
918,Waite Benterman,wbentermanph@cocolog-nifty.com,753-310-8512,Jazzy
919,Malcolm Parrish,mparrishpi@usatoday.com,342-855-5585,Quimba
920,Elita Bodimeade,ebodimeadepj@globo.com,412-105-3004,Edgewire
921,Munroe Bleakman,mbleakmanpk@paypal.com,479-743-1099,Innotype
922,Hamel Gerleit,hgerleitpl@prnewswire.com,839-177-6612,Zoomcast
923,Toby Freemantle,tfreemantlepm@macromedia.com,945-467-3618,Voolith
924,Dore Costello,dcostellopn@soundcloud.com,615-454-1256,Gabtype
925,Shantee Aveson,savesonpo@networksolutions.com,947-565-6468,Dynabox
926,Carri Bielfeldt,cbielfeldtpp@vimeo.com,107-653-0791,Feedmix
927,Waylon Dicey,wdiceypq@redcross.org,615-405-4387,Vinder
928,Anderea Cattermull,acattermullpr@whitehouse.gov,627-572-2756,Devpoint
929,Benjy Torn,btornps@furl.net,718-235-7924,Avaveo
930,Gustav Ballintyne,gballintynept@alibaba.com,943-671-1781,Fliptune
931,Christyna Semens,csemenspu@irs.gov,372-896-7114,Kwilith
932,Daile Cornbell,dcornbellpv@ebay.co.uk,813-231-4824,Feedfire
933,Leigha McAuliffe,lmcauliffepw@jalbum.net,859-196-1431,Topiczoom
934,Wake Oller,wollerpx@netvibes.com,826-424-3182,Miboo
935,Ardath Tagg,ataggpy@nyu.edu,953-336-7663,Voomm
936,Waneta Curee,wcureepz@slideshare.net,825-397-2261,Browsecat
937,Pooh Meekin,pmeekinq0@disqus.com,646-772-7843,Dazzlesphere
938,Jenn Martin,jmartinq1@si.edu,808-969-3064,Yabox
939,Marieann Leatherbarrow,mleatherbarrowq2@illinois.edu,871-768-1311,LiveZ
940,Nora Cone,nconeq3@fotki.com,610-642-9368,Meevee
941,Latashia Jeal,ljealq4@ibm.com,761-440-1175,Trudoo
942,Gillan Kurton,gkurtonq5@toplist.cz,694-137-7226,Fiveclub
943,Warden McAreavey,wmcareaveyq6@gmpg.org,730-588-2103,Voolia
944,Kaylil Ricardo,kricardoq7@scribd.com,356-549-7866,Dynava
945,Tana Reinbech,treinbechq8@biglobe.ne.jp,968-268-4475,Tagtune
946,Tam Kleehuhler,tkleehuhlerq9@exblog.jp,860-732-8658,Yadel
947,Iormina Borrill,iborrillqa@mail.ru,272-343-9137,Trilith
948,Marcelle Merigot,mmerigotqb@posterous.com,875-409-0307,Meeveo
949,Joyann Caddan,jcaddanqc@merriam-webster.com,254-713-4767,Avavee
950,Kippy Errowe,kerroweqd@tinypic.com,736-867-5404,Tagfeed
951,Carey Cartner,ccartnerqe@etsy.com,616-790-5771,Photolist
952,Andreas Wasmer,awasmerqf@java.com,118-744-6539,Quaxo
953,Modestia Dradey,mdradeyqg@webeden.co.uk,174-575-2754,Brainlounge
954,Mohammed Renon,mrenonqh@prweb.com,396-889-8770,Zoonder
955,Shaylynn Dallywater,sdallywaterqi@kickstarter.com,666-260-8323,Rooxo
956,Brant Botley,bbotleyqj@nationalgeographic.com,991-412-9813,Oba
957,Noreen Waddy,nwaddyqk@google.com.au,708-377-4206,Tanoodle
958,Liesa Coombs,lcoombsql@fastcompany.com,140-427-2971,Yombu
959,Kimberlee Jamblin,kjamblinqm@washington.edu,502-800-5422,Youtags
960,Stanwood Flemming,sflemmingqn@elegantthemes.com,290-883-6207,Oyoba
961,Bone Wordsley,bwordsleyqo@infoseek.co.jp,402-225-2976,Rhyloo
962,Peyter Thieme,pthiemeqp@china.com.cn,324-592-1821,Wordtune
963,Adler Camous,acamousqq@jugem.jp,774-888-0574,Mynte
964,Arnaldo Lyttle,alyttleqr@aol.com,447-553-6306,Skalith
965,Ebenezer Van Hesteren,evanqs@addtoany.com,125-766-0523,Quinu
966,Annaliese Habert,ahabertqt@furl.net,276-221-1927,Youfeed
967,Lilian Haymes,lhaymesqu@hubpages.com,292-776-1974,Mudo
968,Tessa Crotch,tcrotchqv@webs.com,462-162-6843,Wikibox
969,Lethia Covotti,lcovottiqw@shutterfly.com,163-228-4803,Fliptune
970,Hobie Walton,hwaltonqx@wp.com,244-954-7429,Kamba
971,Lani Sausman,lsausmanqy@elpais.com,381-174-4175,Gabtype
972,Blanca Preto,bpretoqz@ucla.edu,454-111-4274,Skipstorm
973,Ally Handrock,ahandrockr0@cyberchimps.com,815-722-9277,Voolith
974,Osbourne Tregale,otregaler1@ovh.net,358-917-9286,Mymm
975,Romona Pinor,rpinorr2@issuu.com,125-843-0512,Tagpad
976,Claude Shevels,cshevelsr3@npr.org,289-566-7076,Voonte
977,Enrique Dowsing,edowsingr4@lulu.com,311-920-2276,Bluezoom
978,Mavra Poure,mpourer5@simplemachines.org,266-521-9345,Meedoo
979,Skippy Treven,strevenr6@phoca.cz,778-204-4804,Flipstorm
980,Grete Suett,gsuettr7@privacy.gov.au,455-665-0395,Skiptube
981,Ruby Netherwood,rnetherwoodr8@dot.gov,664-647-7954,Shuffledrive
982,Orly Cassam,ocassamr9@networkadvertising.org,305-601-3455,Zoombox
983,Alysa Pirri,apirrira@plala.or.jp,637-628-4570,Twiyo
984,Lara Riley,lrileyrb@github.com,865-844-9436,Eire
985,Caralie Godsal,cgodsalrc@dropbox.com,205-657-1621,Skinix
986,Rivalee Fernier,rfernierrd@mysql.com,552-325-0355,Kwilith
987,Lillis Gierke,lgierkere@forbes.com,830-278-3780,Thoughtmix
988,Catriona Nail,cnailrf@answers.com,895-491-3732,Skalith
989,Alyosha Bumphries,abumphriesrg@huffingtonpost.com,271-482-5777,Ailane
990,Hailey Blampey,hblampeyrh@gmpg.org,697-564-0768,Browsecat
991,Sid Oloshkin,soloshkinri@jalbum.net,419-545-7196,Twitterbridge
992,Bella Sebrook,bsebrookrj@sourceforge.net,238-154-8028,Eazzy
993,Eldin Alldis,ealldisrk@com.com,653-927-6060,Zoomdog
994,Brandtr Conichie,bconichierl@chron.com,387-237-7648,Realcube
995,Rycca Ashenhurst,rashenhurstrm@reference.com,227-276-3545,Twitterworks
996,Anallise Scarratt,ascarrattrn@wikispaces.com,689-738-9527,Vidoo
997,Leoine Couling,lcoulingro@last.fm,461-334-3985,Voonix
998,Christie Frankes,cfrankesrp@chicagotribune.com,936-554-4402,Kwilith
999,Kristien Trahearn,ktrahearnrq@quantcast.com,378-765-1268,Teklist
1000,Joaquin De Gregoli,jderr@cam.ac.uk,824-395-7644,Flipstorm
